{"cameraMode":{"drawMode":0,"name":"Shaded","section":"Shading Mode"},"sceneLighting":false,"audioPlay":false,"sceneViewState":{"showFog":true,"showMaterialUpdate":false,"showSkybox":false,"showFlares":true,"showImageEffects":true,"showParticleSystems":true},"in2DMode":false,"pivot":{"x":-1.2418134212493897,"y":0.6858664751052856,"z":0.0037866756319999696},"rotation":{"x":0.03193848580121994,"y":0.9590420722961426,"z":-0.25788599252700808,"w":0.11475197970867157},"size":1.5050078630447388,"orthographic":false}