{"cameraMode":{"drawMode":0,"name":"Shaded","section":"Shading Mode"},"sceneLighting":false,"audioPlay":false,"sceneViewState":{"showFog":true,"showMaterialUpdate":false,"showSkybox":false,"showFlares":true,"showImageEffects":true,"showParticleSystems":true},"in2DMode":false,"pivot":{"x":-181.9124755859375,"y":76.26991271972656,"z":-15.831743240356446},"rotation":{"x":0.1800990253686905,"y":-0.8058046698570252,"z":0.316179096698761,"w":0.4677765369415283},"size":0.7438482046127319,"orthographic":false}