{"cameraMode":{"drawMode":0,"name":"Shaded","section":"Shading Mode"},"sceneLighting":true,"audioPlay":false,"sceneViewState":{"showFog":true,"showMaterialUpdate":false,"showSkybox":false,"showFlares":true,"showImageEffects":true,"showParticleSystems":true},"in2DMode":false,"pivot":{"x":89.99932861328125,"y":-0.614990234375,"z":-94.99932861328125},"rotation":{"x":0.014208384789526463,"y":-0.9542312622070313,"z":0.29551616311073305,"w":0.046761538833379748},"size":172.52378845214845,"orthographic":false}