{"cameraMode":{"drawMode":0,"name":"Shaded","section":"Shading Mode"},"sceneLighting":false,"audioPlay":false,"sceneViewState":{"showFog":true,"showMaterialUpdate":false,"showSkybox":false,"showFlares":true,"showImageEffects":true,"showParticleSystems":true},"in2DMode":false,"pivot":{"x":13.423639297485352,"y":-4.108017921447754,"z":6.385353088378906},"rotation":{"x":-0.008125686086714268,"y":0.8375335335731506,"z":-0.012981902807950974,"w":-0.5465357303619385},"size":42.81821823120117,"orthographic":false}